ΣΛΟΥΚΑΣ,ΚΩΣΤΑΣ,SLOUKAS,KOSTAS,POINT GUARD,PG,ΟΛΥΜΠΙΑΚΟΣ,OLYMPIAKOS
ΓΟΥΟΚΑΠ ,ΤΟΜΑΣ,WALKUP,THOMAS,POINT GUARD,PG,ΟΛΥΜΠΙΑΚΟΣ,OLYMPIAKOS
ΝΤΟΡΣΕΪ ,ΤΑΙΡΕΛ,DORSEY,TYLER,SHOOTING GUARD,SG,ΟΛΥΜΠΙΑΚΟΣ,OLYMPIAKOS
ΛΟΥΝΤΖΗΣ ,ΜΙΧΑΛΗΣ,LOUNTZIS,MICHAEL,SHOOTING GUARD,SG,ΟΛΥΜΠΙΑΚΟΣ,OLYMPIAKOS
ΛΑΡΕΝΤΖΑΚΗΣ,ΓΙΑΝΝΟΥΛΗΣ,LARENTZAKIS,GIANNOULIS,SHOOTING GUARD,SG,ΟΛΥΜΠΙΑΚΟΣ,OLYMPIAKOS
ΠΑΠΑΝΙΚΟΛΑΟΥ,ΚΩΣΤΑΣ,PAPANIKOLAOY,KOSTAS,SMALL FORWARD,SF,ΟΛΥΜΠΙΑΚΟΣ,OLYMPIAKOS
ΜΑΚ ΚΙΣΙΚ,ΣΑΚΙΛ,MCKISSIC,SHAQUIELLE,SMALL FORWARD,SF,ΟΛΥΜΠΙΑΚΟΣ,OLYMPIAKOS
ΒΕΖΕΝΚΟΦ,ΑΛΕΞΑΝΔΡΟΣ,VEZENKOV,SASHA,POWER FORWARD,PF,ΟΛΥΜΠΙΑΚΟΣ,OLYMPIAKOS
ΠΡΙΝΤΕΖΗΣ,ΓΙΩΡΓΟΣ,PRINTEZIS,GIORGOS,POWER FORWARD,PF,ΟΛΥΜΠΙΑΚΟΣ,OLYMPIAKOS
ΦΑΛ,ΜΟΥΣΤΑΦΑ,FALL,MOUSTAPHA,CENTER,C,ΟΛΥΜΠΙΑΚΟΣ,OLYMPIAKOS
ΜΑΡΤΙΝ,ΧΑΣΑΝ,MARTIN,HASSAN,CENTER,C,ΟΛΥΜΠΙΑΚΟΣ,OLYMPIAKOS
ΣΑΡΑΝΤΩΝΙΔΗΣ,ΣΤΑΥΡΟΣ,SARANTONIDIS,STAVROS,CENTER,C,ΟΛΥΜΠΙΑΚΟΣ,OLYMPIAKOS
ΛΑΝΓΚΦΟΡΝΤ,ΚΙΘ,LANGFORD,KEITH,POINT GUARD,PG,ΑΕΚ,AEK
ΚΟΝΙΑΡΗΣ,ΑΝΤΩΝΗΣ,KONIARIS,ANTONIS,POINT GUARD,PG,ΑΕΚ,AEK
ΠΑΠΠΑΣ,ΝΙΚΟΣ,PAPPAS,NIKOS,POINT GUARD,PG,ΑΕΚ,AEK
ΚΟΛΟΜ,ΚΙΝΟ,COLOM,QUINO,SHOOTING GUARD,SG,ΑΕΚ,AEK
ΡΑΟΥΤΙΝΣ,ΑΝΤΙ,RAUTINS,ANDY,SHOOTING GUARD,SG,ΑΕΚ,AEK
ΑΝΓΚΟΛΑ,ΜΠΡΑΙΑΝ,ANGOLA,BRAIAN,SMALL FORWARD,SF,ΑΕΚ,AEK
ΦΙΛΙΠΠΑΚΟΣ,ΠΑΝΑΓΙΩΤΗΣ,FILIPPAKOS,PANAGIOTIS,SMALL FORWARD,SF,ΑΕΚ,AEK
ΚΟΥΖΕΛΟΓΛΟΥ,ΓΙΑΝΝΗΣ,KOUZELOGLOY,GIANNIS,POWER FORWARD,PF,ΑΕΚ,AEK
ΧΑΜΕΡ,ΙΑΝ,HUMMER,IAN,POWER FORWARD,PF,ΑΕΚ,AEK
ΓΚΡΙΦΙΝ,ΕΡΙΚ,GRIFFIN,ERIC,CENTER,C,ΑΕΚ,AEK
ΜΑΥΡΟΕΙΔΗΣ,ΔΗΜΗΤΡΗΣ,MAVROEIDIS,DIMITRIS,CENTER,C,ΑΕΚ,AEK
ΜΟΥΖΟΥΡΑΚΗΣ,ΟΔΥΣΣΕΑΣ,MOUZOURAKIS,ODISSEAS,CENTER,C,ΑΕΚ,AEK
ΓΚΡΙΝ,ΦΙΛ,GREENE,PHIL,POINT GUARD,PG,ΠΑΟΚ,PAOK
ΒΑΡΓΕΜΕΖΗΣ,ΣΤΑΥΡΟΣ,VARGEMEZIS,STAVROS,POINT GUARD,PG,ΠΑΟΚ,PAOK
ΜΑΝΤΖΑΡΗΣ,ΒΑΓΓΕΛΗΣ,MANTZARIS,VAGGELIS,POINT GUARD,PG,ΠΑΟΚ,PAOK
ΛΟΒ,ΖΕΡΜΕΙΝ,LOVE,JERMAINE,SHOOTING GUARD,SG,ΠΑΟΚ,PAOK
ΚΩΝΣΤΑΝΤΙΝΙΔΗΣ,ΘΕΟΔΩΡΟΣ,KONSTANIDIS,THEODOROS,SHOOTING GUARD,SG,ΠΑΟΚ,PAOK
ΝΤΙ ΛΕΟ,ΝΤΕΙΒΙΝΤ,DILEO,DAVID,SMALL FORWARD,SF,ΠΑΟΚ,PAOK
ΚΑΜΑΡΙΑΝΟΣ,ΝΙΚΟΣ,KAMARIANOS,NIKOS,SMALL FORWARD,SF,ΠΑΟΚ,PAOK
ΓΙΑΝΚΟΒΙΤΣ,ΒΛΑΔΙΜΗΡΟΣ,JANKOVIC,VLADIMIROS,POWER FORWARD,PF,ΠΑΟΚ,PAOK
ΡΙΒΕΡΣ,ΝΤΙΜΙΤΡΙ,RIVERS,DEMETRE,POWER FORWARD,PF,ΠΑΟΚ,PAOK
ΛΙ ,ΑΝΤΟΝΙ,LEE ,ANTONY,CENTER,C,ΠΑΟΚ,PAOK
ΚΑΛΛΙΟΝΤΖΗΣ,ΣΤΡΑΤΟΣ,KALLIONTZIS,STRATOS,CENTER,C,ΠΑΟΚ,PAOK
ΡΕΝΦΡΟ,ΝΕΙΤ,RENFRO,NATE,CENTER,C,ΠΑΟΚ,PAOK
ΚΑΟΥΑΝ,ΑΝΤΟΝΙ,COWAN,ANTONY,POINT GUARD,PG,ΑΡΗΣ,ARIS
ΝΕΤΖΗΠΟΓΛΟΥ,ΟΜΗΡΟΣ,NETZIPOGLOY,OMIROS,POINT GUARD,PG,ΑΡΗΣ,ARIS
ΠΟΥΛΙΑΝΙΤΗΣ,ΣΤΕΛΙΟΣ,POYLIANTIS,STELIOS,POINT GUARD,PG,ΑΡΗΣ,ARIS
ΧΑΝΛΑΝ,ΟΛΙΒΙΕ,HANLAN,OLIVIER ,SHOOTING GUARD,SG,ΑΡΗΣ,ARIS
ΣΧΙΖΑΣ,ΣΤΑΥΡΟΣ,SXIZAS,STAVROS,SHOOTING GUARD,SG,ΑΡΗΣ,ARIS
ΛΟΚΕΤ,ΕΡΙΚ,LOCKETT,ERIC,SMALL FORWARD,SF,ΑΡΗΣ,ARIS
ΣΙΔΗΡΟΗΛΙΑΣ,ΓΙΑΝΝΗΣ ,SIDIROILIAS,GIANNIS,SMALL FORWARD,SF,ΑΡΗΣ,ARIS
ΟΥΙΛΙΑΜΣ,ΖΙΡΙΟΥΣ,WILLIAMS,XEYRIUS,POWER FORWARD,PF,ΑΡΗΣ,ARIS
ΠΕΤΑΝΙΔΗΣ,ΚΥΡΙΑΚΟΣ ,PETANIDIS,KYRIAKOS,POWER FORWARD,PF,ΑΡΗΣ,ARIS
ΤΖΟΥΣΤΟΝ,ΣΑΚΟΥΡ,JUISTON,SHAKUR ,CENTER,C,ΑΡΗΣ,ARIS
ΚΩΤΤΑΣ,ΘΩΜΑΣ,KOTTAS,THOMAS,CENTER,C,ΑΡΗΣ,ARIS
ΚΑΡΣΛΙΔΗΣ,ΓΙΩΡΓΟΣ,KARSLIDIS,GIORGOS,CENTER,C,ΑΡΗΣ,ARIS
ΤΣΙΑΚΜΑΣ,ΝΙΚΟΣ,TSIAKMAS,NIKOS,POINT GUARD,PG,ΑΠΟΛΛΩΝ,APOLLON
ΔΙΠΛΑΡΟΣ,ΝΙΚΟΣ,DIPLAROS,NIKOS,POINT GUARD,PG,ΑΠΟΛΛΩΝ,APOLLON
ΜΗΤΡΟΥ-ΛΟΝΓΚ,ΕΛΑΙΖΑ,MITROU-LONG,ELAIJA,POINT GUARD,PG,ΑΠΟΛΛΩΝ,APOLLON
ΖΟΥΜΠΟΣ,ΦΩΤΗΣ,ZOUMPOS,FOTIS,SHOOTING GUARD,SG,ΑΠΟΛΛΩΝ,APOLLON
ΜΟΛΦΕΤΑΣ,ΓΙΑΝΝΗΣ,MOLFETAS,GIANNIS,SHOOTING GUARD,SG,ΑΠΟΛΛΩΝ,APOLLON
ΠΑΠΑΦΩΤΙΟΥ,ΦΩΤΗΣ,PAPAFOTIOY,FOTIS,SMALL FORWARD,SF,ΑΠΟΛΛΩΝ,APOLLON
ΜΑΚΛΙΝ,ΤΡΕ,MCLIN,TRE,SMALL FORWARD,SF,ΑΠΟΛΛΩΝ,APOLLON
ΚΟΓΙΩΝΗΣ,ΓΙΩΡΓΟΣ,KOGIONIS,GIORGOS,POWER FORWARD,PF,ΑΠΟΛΛΩΝ,APOLLON
ΝΤΕΙΒΙΣ,ΝΤΕΖΟΝ,DAVIS,DEZON,POWER FORWARD,PF,ΑΠΟΛΛΩΝ,APOLLON
ΤΣΑΛΜΠΟΥΡΗΣ,ΓΙΩΡΓΟΣ,TSALMPOURIS,GIORGOS,CENTER,C,ΑΠΟΛΛΩΝ,APOLLON
ΚΑΡΑΔΗΜΑΣ,ΔΗΜΗΤΡΗΣ,KARADIMAS,DIMITRIS,CENTER,C,ΑΠΟΛΛΩΝ,APOLLON
ΜΠΟΓΡΗΣ,ΓΙΩΡΓΟΣ,BOGRIS,GIORGOS,CENTER,C,ΑΠΟΛΛΩΝ,APOLLON
ΜΠΟΧΩΡΙΔΗΣ,ΛΕΥΤΕΡΗΣ,BOHORIDIS,LEFTERIS,POINT GUARD,PG,ΠΑΝΑΘΗΝΑΙΚΟΣ,PANATHINAIKOS
ΑΒΔΑΛΑΣ,ΝΕΟΚΛΗΣ,AVDALAS,NEOKLIS,POINT GUARD,PG,ΠΑΝΑΘΗΝΑΙΚΟΣ,PANATHINAIKOS
ΜΕΪΚΟΝ ,ΝΤΑΡΙΛ,MEIKON,NTARIL,SHOOTING GUARD,SG,ΠΑΝΑΘΗΝΑΙΚΟΣ,PANATHINAIKOS
ΝΕΝΤΟΒΙΤΣ,ΝΕΜΑΝΙΑ,NEDOVIC,NEMANJA,SHOOTING GUARD,SG,ΠΑΝΑΘΗΝΑΙΚΟΣ,PANATHINAIKOS
ΣΑΝΤ-ΡΟΣ,ΧΑΟΥΑΡΝΤ,SANT-ROS,HOWARD,SHOOTING GUARD,SG,ΠΑΝΑΘΗΝΑΙΚΟΣ,PANATHINAIKOS
ΠΑΠΑΠΕΤΡΟΥ,ΙΩΑΝΝΗΣ,PAPAPETROY,IOANNIS,SMALL FORWARD,SF,ΠΑΝΑΘΗΝΑΙΚΟΣ,PANATHINAIKOS
ΚΑΣΕΛΑΚΗΣ,ΛΕΩΝΙΔΑΣ,KASELAKIS,LEONIDAS,SMALL FORWARD,SF,ΠΑΝΑΘΗΝΑΙΚΟΣ,PANATHINAIKOS
ΜΑΝΤΖΟΥΚΑΣ,ΛΕΥΤΕΡΗΣ,MANTZOUKAS,LEFTERIS,SMALL FORWARD,SF,ΠΑΝΑΘΗΝΑΙΚΟΣ,PANATHINAIKOS
ΟΥΑΪΤ,ΟΚΑΡΟ,WHITE,OKARO,POWER FORWARD,PF,ΠΑΝΑΘΗΝΑΙΚΟΣ,PANATHINAIKOS
ΕΒΑΝΣ,ΤΖΕΡΕΜΙ,EVANS,JEREMY,POWER FORWARD,PF,ΠΑΝΑΘΗΝΑΙΚΟΣ,PANATHINAIKOS
ΠΑΠΑΓΙΑΝΝΗΣ,ΓΙΩΡΓΟΣ,PAPAGIANNIS,GIORGOS,CENTER,C,ΠΑΝΑΘΗΝΑΙΚΟΣ,PANATHINAIKOS
ΚΑΒΒΑΔΑΣ,ΒΑΣΙΛΗΣ,KAVVADAS,VASILIS,CENTER,C,ΠΑΝΑΘΗΝΑΙΚΟΣ,PANATHINAIKOS
ΜΟΥΝΤΙ,ΣΤΕΦΑΝ,MOODY,STEFAN,POINT GUARD,PG,ΛΑΡΙΣΑ BC,LARISSA BC
ΓΚΡΙΝ,ΝΤΕΒΟΝΤΕ,GREEN,DEVONTE,POINT GUARD,PG,ΛΑΡΙΣΑ BC,LARISSA BC
ΚΑΡΑΜΠΕΛΑΣ,ΖΩΗΣ,KARAMPELAS,ZOIS,POINT GUARD,PG,ΛΑΡΙΣΑ BC,LARISSA BC
ΚΩΣΤΙΔΗΣ,ΓΙΑΝΝΗΣ,KOSTIDIS,IOANNIS,SHOOTING GUARD,SG,ΛΑΡΙΣΑ BC,LARISSA BC
ΒΗΣΣΑΡΙΟΥ,ΤΗΛΕΜΑΧΟΣ,VISSARIOY,TILEMACHOS,SHOOTING GUARD,SG,ΛΑΡΙΣΑ BC,LARISSA BC
ΑΣΤΕΡΙΑΔΗΣ,ΑΣΤΕΡΙΟΣ,ASTERIADIS,ASTERIOS,SHOOTING GUARD,SG,ΛΑΡΙΣΑ BC,LARISSA BC
ΧΑΝΤΣΟΝ,ΤΖΕΙΛΕΝ,HUDSON,JALEN,SMALL FORWARD,SF,ΛΑΡΙΣΑ BC,LARISSA BC
ΚΡΟΥΜΠΑΛΙ,ΟΥΣΜΑΝ,KRUBALLY,OUSMAN,SMALL FORWARD,SF,ΛΑΡΙΣΑ BC,LARISSA BC
ΣΠΥΡΟΠΟΥΛΟΣ,ΑΝΑΣΤΑΣΙΟΣ,SPIROPOULOS,ANASTASIOS,POWER FORWARD,PF,ΛΑΡΙΣΑ BC,LARISSA BC
ΜΠΕΡΖΙΝΣ,ΓΙΑΝΙΣ,BERZINS,JANIS,POWER FORWARD,PF,ΛΑΡΙΣΑ BC,LARISSA BC
ΤΣΑΪΡΕΛΗΣ,ΜΙΧΑΛΗΣ,TSAIRELIS,MICHAEL,CENTER,C,ΛΑΡΙΣΑ BC,LARISSA BC
ΜΑΡΙΤΣ,ΜΑΡΙΝ,MARIC,MARIN,CENTER,C,ΛΑΡΙΣΑ BC,LARISSA BC
ΓΚΙΚΑΣ,ΝΙΚΟΣ,GKIKAS,NIKOS,POINT GUARD,PG,ΠΡΟΜΗΘΕΑΣ,PROMITHEAS
ΡΕΙ,ΚΕΝΤΡΙΚ,RAY,KENDRICK,POINT GUARD,PG,ΠΡΟΜΗΘΕΑΣ,PROMITHEAS
ΦΟΣΤΕΡ,ΜΑΡΚΟΥΣ,FOSTER,MARCUS,POINT GUARD,PG,ΠΡΟΜΗΘΕΑΣ,PROMITHEAS
ΡΟΓΚΑΒΟΠΟΥΛΟΣ   ,ΝΙΚΟΣ,ROGKAVOPOULOS,NIKOS,SHOOTING GUARD,SG,ΠΡΟΜΗΘΕΑΣ,PROMITHEAS
ΣΙΜΠΣΟΝ,ΤΡΕΒΙΣ,SIMPSON,TREVIS,SHOOTING GUARD,SG,ΠΡΟΜΗΘΕΑΣ,PROMITHEAS
ΣΑΑΝΤ,ΙΩΣΗΦ,SAAD,IOSIF,SHOOTING GUARD,SG,ΠΡΟΜΗΘΕΑΣ,PROMITHEAS
ΑΝΤΡΙΤΣ,ΜΙΧΑΙΛΟ,ANDRIC,MIHAJLO,SMALL FORWARD,SF,ΠΡΟΜΗΘΕΑΣ,PROMITHEAS
ΑΓΡΑΒΑΝΗΣ,ΓΙΑΝΝΗΣ,AGRAVANIS,GIANNIS,SMALL FORWARD,SF,ΠΡΟΜΗΘΕΑΣ,PROMITHEAS
ΓΚΡΑΝΤ,ΤΖΕΡΑΙ,GRANT,JERAI,POWER FORWARD,PF,ΠΡΟΜΗΘΕΑΣ,PROMITHEAS
ΤΑΝΟΥΛΗΣ,ΓΙΩΡΓΟΣ,TANOULIS,GIORGOS,POWER FORWARD,PF,ΠΡΟΜΗΘΕΑΣ,PROMITHEAS
ΑΓΡΑΒΑΝΗΣ,ΔΗΜΗΤΡΗΣ,AGRAVANIS,DIMITRIS,CENTER,C,ΠΡΟΜΗΘΕΑΣ,PROMITHEAS
ΧΑΝΤ,ΝΤΑΡΙΟ,HUNT,DARIO,CENTER,C,ΠΡΟΜΗΘΕΑΣ,PROMITHEAS
ΝΙΚΟΛΑΙΔΗΣ,ΑΛΕΞΑΝΔΡΟΣ,NIKOLAIDIS,ALEXANDROS,POINT GUARD,PG,ΛΑΥΡΙΟ BC,LAVRIO BC
ΜΟΥΡΑΤΟΣ,ΒΑΣΙΛΗΣ,MOURATOS,VASILIS,POINT GUARD,PG,ΛΑΥΡΙΟ BC,LAVRIO BC
KΩΝΣΤΑΝΤΙΝΙΔΗΣ,ΚΩΣΤΑΣ,KONSTANTINIDIS,KOSTAS,POINT GUARD,PG,ΛΑΥΡΙΟ BC,LAVRIO BC
ΟΥΙΛΙΑΜΣ,ΜΑΤ ΤΖΟΥΝΙΟΡ,WILLIAMS,MATT,SHOOTING GUARD,SG,ΛΑΥΡΙΟ BC,LAVRIO BC
ΠΕΡΣΙΔΗΣ,ΝΙΚΟΣ,PERSIDIS,NIKOS,SHOOTING GUARD,SG,ΛΑΥΡΙΟ BC,LAVRIO BC
ΓΕΡΟΜΙΧΑΛΟΣ,ΠΕΤΡΟΣ,GEROMIHALOS,PETROS,SMALL FORWARD,SF,ΛΑΥΡΙΟ BC,LAVRIO BC
ΠΙΛΑΒΙΟΣ,ΑΛΦΗΣ,PILAVIOS,ALFIS,SMALL FORWARD,SF,ΛΑΥΡΙΟ BC,LAVRIO BC
ΣΑΒΑΤΖ,ΤΖΑΡΕΝΤ,SAVAGE,JARED,POWER FORWARD,PF,ΛΑΥΡΙΟ BC,LAVRIO BC
ΣΠΡΙΝΤΖΙΟΣ,ΜΙΧΑΛΗΣ,SPRINTZIOS,MICHAEL,POWER FORWARD,PF,ΛΑΥΡΙΟ BC,LAVRIO BC
ΚΑΚΛΑΜΑΝΑΚΗΣ,ΔΗΜΗΤΡΗΣ,KAKLAMANAKIS,DIMITRIS,CENTER,C,ΛΑΥΡΙΟ BC,LAVRIO BC
ΒΟΥΛΓΑΡΟΠΟΥΛΟΣ,ΣΤΡΑΤΟΣ,VOULGAROPOULOS,STRATOS,CENTER,C,ΛΑΥΡΙΟ BC,LAVRIO BC
ΑΜΙΝΟΥ,ΑΛ ΟΥΑΖΙΝΤ,AMINU,AL-WAJID,CENTER,C,ΛΑΥΡΙΟ BC,LAVRIO BC
ΚΟΖΙ,ΓΚΛΕΝ,KOZI,GLEN,POINT GUARD,PG,ΠΕΡΙΣΤΕΡΙ BC,PERISTERI BC
ΜΩΡΑΙΤΗΣ,ΔΗΜΗΤΡΗΣ,MORAITIS,DIMITRIS,POINT GUARD,PG,ΠΕΡΙΣΤΕΡΙ BC,PERISTERI BC
ΚΑΤΣΙΒΕΛΗΣ ,ΔΗΜΗΤΡΗΣ,KATSIVELIS,DIMITRIS,SHOOTING GUARD,SG,ΠΕΡΙΣΤΕΡΙ BC,PERISTERI BC
ΓΚΡΕΙ,ΣΤΙΒΕΝ,GRAY,STEVEN,SHOOTING GUARD,SG,ΠΕΡΙΣΤΕΡΙ BC,PERISTERI BC
ΠΕΤΕΓΟΥΕΙ,ΤΕΡΑΝ,PETEWAY,TERAN,SMALL FORWARD,SF,ΠΕΡΙΣΤΕΡΙ BC,PERISTERI BC
ΣΑΛΟΥΣΤΡΟΣ,ΧΡΗΣΤΟΣ,SALOUSTROS,CHRISTOS,SMALL FORWARD,SF,ΠΕΡΙΣΤΕΡΙ BC,PERISTERI BC
ΓΙΑΝΝΟΠΟΥΛΟΣ,ΧΑΡΗΣ,GIANNOPOULOS,HARIS,SMALL FORWARD,SF,ΠΕΡΙΣΤΕΡΙ BC,PERISTERI BC
ΧΡΥΣΙΚΟΠΟΥΛΟΣ,ΛΙΝΟΣ,CHRYSIKOPOULOS,LINOS,POWER FORWARD,PF,ΠΕΡΙΣΤΕΡΙ BC,PERISTERI BC
ΓΚΙΕΛΟ,ΤΟΜΑΣ,GIELO,TOMASZ,POWER FORWARD,PF,ΠΕΡΙΣΤΕΡΙ BC,PERISTERI BC
ΑΓΚΜΠΕΛΙΣ,ΝΤΑΝΙ,AGBELESE,DANNY,CENTER,C,ΠΕΡΙΣΤΕΡΙ BC,PERISTERI BC
ΔΑΒΙΟΣ,ΒΑΓΓΕΛΗΣ,DAVIOS,VAGGELIS,CENTER,C,ΠΕΡΙΣΤΕΡΙ BC,PERISTERI BC
ΜΠΡΑΟΥΝ,ΤΣΑΝΤ,BROWN,CHAD,CENTER,C,ΠΕΡΙΣΤΕΡΙ BC,PERISTERI BC
